,timings,deviations
0,39.99956393241882,12.815962314605713

